,n_total_leaves,frac_activated,irm_l2,regions_l2,generalization_gap,max_depth,n_estimators
n_total_leaves,1.0,0.9885456493411208,-0.9332288935915453,-0.9778809249198535,0.8999723853364815,0.9075904474691636,0.39383205695123313
frac_activated,0.9885456493411208,1.0,-0.953353537804823,-0.9925289966400404,0.9055517947459949,0.9258558982721707,0.3309447992951533
irm_l2,-0.9332288935915453,-0.953353537804823,1.0,0.9628775310109373,-0.9443581503573866,-0.9771819353901392,-0.09343259817352483
regions_l2,-0.9778809249198535,-0.9925289966400404,0.9628775310109373,1.0,-0.904150538311717,-0.9239219323926744,-0.3041687981266146
generalization_gap,0.8999723853364815,0.9055517947459949,-0.9443581503573866,-0.904150538311717,1.0,0.9556503273570767,0.046406506211780475
max_depth,0.9075904474691636,0.9258558982721707,-0.9771819353901392,-0.9239219323926744,0.9556503273570767,1.0,0.0
n_estimators,0.39383205695123313,0.3309447992951533,-0.09343259817352483,-0.3041687981266146,0.046406506211780475,0.0,1.0
